#,image_name,IOU_Score,IOU_Perc,Class
1,image_48_cc.png,0.9666,96.6597,95+ to 100%
2,image_24_cc.png,0.9706,97.0617,95+ to 100%
3,image_329_cc.png,0.8862,88.6162,80+ to 90%
4,image_586_cc.png,0.9673,96.7323,95+ to 100%
5,image_205_cc.png,0.0026,0.2646, <= 20%
6,image_224_cc.png,0.1722,17.2224, <= 20%
7,image_609_cc.png,0.9018,90.1827,90+ to 95%
8,image_570_cc.png,0.8121,81.2073,80+ to 90%
9,image_230_cc.png,0.0043,0.4295, <= 20%
10,image_580_cc.png,0.9181,91.8148,90+ to 95%
11,image_314_cc.png,0.9393,93.9297,90+ to 95%
12,image_605_cc.png,0.8890,88.9028,80+ to 90%
13,image_315_cc.png,0.9661,96.6052,95+ to 100%
14,image_91_cc.png,0.0114,1.1394, <= 20%
15,image_429_cc.png,0.9614,96.1412,95+ to 100%
16,image_355_cc.png,0.9488,94.8832,90+ to 95%
17,image_225_cc.png,0.7044,70.4438,70+ to 80%
18,image_401_cc.png,0.9724,97.2373,95+ to 100%
19,image_565_cc.png,0.9570,95.7031,95+ to 100%
20,image_389_cc.png,0.0036,0.3611, <= 20%
21,image_113_cc.png,0.9770,97.6989,95+ to 100%
22,image_497_cc.png,0.7835,78.3502,70+ to 80%
23,image_399_cc.png,0.6567,65.6734,60+ to 70%
24,image_72_cc.png,0.0065,0.6502, <= 20%
25,image_26_cc.png,0.6518,65.1827,60+ to 70%
26,image_227_cc.png,0.7799,77.9863,70+ to 80%
27,image_376_cc.png,0.9613,96.1270,95+ to 100%
28,image_290_cc.png,0.9794,97.9358,95+ to 100%
29,image_504_cc.png,0.9678,96.7770,95+ to 100%
30,image_421_cc.png,0.0064,0.6372, <= 20%
31,image_465_cc.png,0.9627,96.2717,95+ to 100%
32,image_423_cc.png,0.0021,0.2123, <= 20%
33,image_460_cc.png,0.9227,92.2727,90+ to 95%
34,image_356_cc.png,0.0103,1.0348, <= 20%
35,image_15_cc.png,0.9679,96.7910,95+ to 100%
36,image_491_cc.png,0.0037,0.3749, <= 20%
37,image_462_cc.png,0.0057,0.5680, <= 20%
38,image_488_cc.png,0.9570,95.7025,95+ to 100%
39,image_456_cc.png,0.9626,96.2622,95+ to 100%
40,image_550_cc.png,0.9289,92.8927,90+ to 95%
41,image_613_cc.png,0.9593,95.9301,95+ to 100%
42,image_572_cc.png,0.4212,42.1183,40+ to 50%
43,image_506_cc.png,0.9627,96.2655,95+ to 100%
45,image_405_cc.png,0.9637,96.3658,95+ to 100%
46,image_165_cc.png,0.9610,96.0977,95+ to 100%
47,image_136_cc.png,0.0037,0.3679, <= 20%
48,image_324_cc.png,0.9488,94.8764,90+ to 95%
49,image_483_cc.png,0.9029,90.2939,90+ to 95%
50,image_277_cc.png,0.9384,93.8412,90+ to 95%
51,image_203_cc.png,0.8122,81.2194,80+ to 90%
52,image_607_cc.png,0.9118,91.1797,90+ to 95%
53,image_132_cc.png,0.9735,97.3540,95+ to 100%
54,image_364_cc.png,0.9545,95.4550,95+ to 100%
55,image_92_cc.png,0.9256,92.5630,90+ to 95%
56,image_248_cc.png,0.5890,58.8963,50+ to 60%
57,image_110_cc.png,0.9664,96.6420,95+ to 100%
58,image_209_cc.png,0.9819,98.1920,95+ to 100%
59,image_430_cc.png,0.9607,96.0676,95+ to 100%
60,image_476_cc.png,0.8030,80.3031,80+ to 90%
61,image_249_cc.png,0.7902,79.0186,70+ to 80%
62,image_154_cc.png,0.9075,90.7543,90+ to 95%
63,image_162_cc.png,0.7506,75.0560,70+ to 80%
64,image_542_cc.png,0.9522,95.2227,95+ to 100%
65,image_14_cc.png,0.9718,97.1802,95+ to 100%
66,image_124_cc.png,0.9286,92.8642,90+ to 95%
67,image_274_cc.png,0.8553,85.5319,80+ to 90%
68,image_74_cc.png,0.8540,85.3954,80+ to 90%
69,image_218_cc.png,0.2952,29.5184,20+ to 30%
70,image_3_cc.png,0.7683,76.8288,70+ to 80%
71,image_102_cc.png,0.0063,0.6266, <= 20%
72,image_80_cc.png,0.9729,97.2863,95+ to 100%
73,image_57_cc.png,0.9531,95.3085,95+ to 100%
74,image_548_cc.png,0.8967,89.6730,80+ to 90%
75,image_69_cc.png,0.9684,96.8407,95+ to 100%
76,image_432_cc.png,0.0015,0.1547, <= 20%
77,image_293_cc.png,0.7644,76.4385,70+ to 80%
78,image_559_cc.png,0.8942,89.4187,80+ to 90%
79,image_306_cc.png,0.0045,0.4543, <= 20%
80,image_43_cc.png,0.8957,89.5706,80+ to 90%
81,image_602_cc.png,0.8648,86.4846,80+ to 90%
82,image_533_cc.png,0.9643,96.4259,95+ to 100%
83,image_98_cc.png,0.9647,96.4676,95+ to 100%
84,image_169_cc.png,0.9359,93.5897,90+ to 95%
85,image_256_cc.png,0.6840,68.3970,60+ to 70%
86,image_251_cc.png,0.9507,95.0652,95+ to 100%
87,image_268_cc.png,0.8072,80.7214,80+ to 90%
88,image_213_cc.png,0.8929,89.2870,80+ to 90%
89,image_297_cc.png,0.7685,76.8531,70+ to 80%
90,image_128_cc.png,0.9086,90.8587,90+ to 95%
91,image_85_cc.png,0.9702,97.0190,95+ to 100%
92,image_318_cc.png,0.7641,76.4142,70+ to 80%
93,image_435_cc.png,0.9555,95.5503,95+ to 100%
94,image_394_cc.png,0.0035,0.3514, <= 20%
95,image_263_cc.png,0.9680,96.8044,95+ to 100%
96,image_200_cc.png,0.7184,71.8405,70+ to 80%
97,image_272_cc.png,0.7525,75.2489,70+ to 80%
98,image_378_cc.png,0.9614,96.1352,95+ to 100%
99,image_254_cc.png,0.9698,96.9807,95+ to 100%
100,image_544_cc.png,0.6540,65.3968,60+ to 70%
101,image_160_cc.png,0.9645,96.4516,95+ to 100%
102,image_557_cc.png,0.9223,92.2312,90+ to 95%
103,image_275_cc.png,0.9373,93.7317,90+ to 95%
104,image_105_cc.png,0.0029,0.2925, <= 20%
105,image_323_cc.png,0.9599,95.9939,95+ to 100%
106,image_502_cc.png,0.9517,95.1688,95+ to 100%
107,image_458_cc.png,0.9558,95.5785,95+ to 100%
108,image_518_cc.png,0.6855,68.5527,60+ to 70%
109,image_494_cc.png,0.9454,94.5398,90+ to 95%
110,image_325_cc.png,0.8092,80.9159,80+ to 90%
111,image_573_cc.png,0.8640,86.4048,80+ to 90%
112,image_4_cc.png,0.9263,92.6283,90+ to 95%
113,image_583_cc.png,0.8388,83.8831,80+ to 90%
114,image_20_cc.png,0.7583,75.8335,70+ to 80%
115,image_36_cc.png,0.0006,0.0587, <= 20%
116,image_487_cc.png,0.9391,93.9119,90+ to 95%
117,image_240_cc.png,0.9482,94.8198,90+ to 95%
118,image_304_cc.png,0.9351,93.5056,90+ to 95%
119,image_39_cc.png,0.9414,94.1450,90+ to 95%
120,image_37_cc.png,0.9114,91.1407,90+ to 95%
121,image_73_cc.png,0.0007,0.0682, <= 20%
122,image_29_cc.png,0.6889,68.8897,60+ to 70%
123,image_42_cc.png,0.6915,69.1529,60+ to 70%
124,image_46_cc.png,0.9541,95.4146,95+ to 100%
125,image_45_cc.png,0.9720,97.2004,95+ to 100%
126,image_83_cc.png,0.8002,80.0155,80+ to 90%
127,image_245_cc.png,0.3741,37.4066,30+ to 40%
128,image_299_cc.png,0.9203,92.0268,90+ to 95%
129,image_301_cc.png,0.8759,87.5853,80+ to 90%
130,image_380_cc.png,0.8312,83.1250,80+ to 90%
131,image_220_cc.png,0.9370,93.7009,90+ to 95%
132,image_87_cc.png,0.9517,95.1741,95+ to 100%
133,image_144_cc.png,0.0008,0.0793, <= 20%
134,image_222_cc.png,0.2229,22.2890,20+ to 30%
135,image_466_cc.png,0.9626,96.2576,95+ to 100%
136,image_369_cc.png,0.9218,92.1758,90+ to 95%
137,image_126_cc.png,0.9169,91.6865,90+ to 95%
138,image_505_cc.png,0.0013,0.1278, <= 20%
139,image_403_cc.png,0.9669,96.6894,95+ to 100%
140,image_152_cc.png,0.7248,72.4818,70+ to 80%
141,image_469_cc.png,0.9533,95.3262,95+ to 100%
142,image_471_cc.png,0.9685,96.8528,95+ to 100%
143,image_163_cc.png,0.9593,95.9319,95+ to 100%
144,image_202_cc.png,0.9597,95.9681,95+ to 100%
145,image_262_cc.png,0.8262,82.6165,80+ to 90%
146,image_556_cc.png,0.8654,86.5383,80+ to 90%
147,image_414_cc.png,0.0040,0.4038, <= 20%
148,image_139_cc.png,0.8609,86.0923,80+ to 90%
149,image_104_cc.png,0.9648,96.4839,95+ to 100%
150,image_255_cc.png,0.8784,87.8379,80+ to 90%
151,image_150_cc.png,0.0056,0.5553, <= 20%
152,image_431_cc.png,0.9733,97.3261,95+ to 100%
153,image_391_cc.png,0.0013,0.1305, <= 20%
154,image_351_cc.png,0.0009,0.0929, <= 20%
155,image_371_cc.png,0.9668,96.6843,95+ to 100%
156,image_404_cc.png,0.9589,95.8942,95+ to 100%
157,image_392_cc.png,0.0041,0.4080, <= 20%
158,image_508_cc.png,0.8995,89.9472,80+ to 90%
159,image_438_cc.png,0.9525,95.2463,95+ to 100%
160,image_135_cc.png,0.9641,96.4133,95+ to 100%
161,image_197_cc.png,0.9431,94.3089,90+ to 95%
162,image_335_cc.png,0.8482,84.8228,80+ to 90%
163,image_89_cc.png,0.7835,78.3527,70+ to 80%
165,image_545_cc.png,0.3063,30.6284,30+ to 40%
166,image_234_cc.png,0.9390,93.9019,90+ to 95%
167,image_567_cc.png,0.9707,97.0663,95+ to 100%
168,image_6_cc.png,0.0081,0.8133, <= 20%
169,image_530_cc.png,0.9035,90.3507,90+ to 95%
170,image_130_cc.png,0.8934,89.3392,80+ to 90%
171,image_55_cc.png,0.9631,96.3150,95+ to 100%
172,image_582_cc.png,0.9647,96.4748,95+ to 100%
173,image_78_cc.png,0.8236,82.3647,80+ to 90%
174,image_601_cc.png,0.6135,61.3491,60+ to 70%
175,image_343_cc.png,0.0060,0.5990, <= 20%
176,image_587_cc.png,0.9565,95.6544,95+ to 100%
177,image_537_cc.png,0.0056,0.5630, <= 20%
178,image_514_cc.png,0.9334,93.3386,90+ to 95%
179,image_442_cc.png,0.8235,82.3491,80+ to 90%
180,image_265_cc.png,0.7543,75.4263,70+ to 80%
181,image_70_cc.png,0.9038,90.3796,90+ to 95%
182,image_447_cc.png,0.9609,96.0852,95+ to 100%
183,image_612_cc.png,0.8038,80.3824,80+ to 90%
184,image_281_cc.png,0.7655,76.5486,70+ to 80%
185,image_377_cc.png,0.0485,4.8539, <= 20%
186,image_461_cc.png,0.8989,89.8948,80+ to 90%
187,image_159_cc.png,0.9565,95.6512,95+ to 100%
188,image_298_cc.png,0.9637,96.3670,95+ to 100%
189,image_340_cc.png,0.9784,97.8360,95+ to 100%
190,image_79_cc.png,0.7031,70.3149,70+ to 80%
191,image_192_cc.png,0.9501,95.0065,95+ to 100%
192,image_448_cc.png,0.0003,0.0292, <= 20%
193,image_417_cc.png,0.9652,96.5212,95+ to 100%
195,image_319_cc.png,0.9524,95.2387,95+ to 100%
196,image_615_cc.png,0.0207,2.0708, <= 20%
197,image_64_cc.png,0.8751,87.5084,80+ to 90%
198,image_574_cc.png,0.9111,91.1122,90+ to 95%
199,image_327_cc.png,0.9122,91.2236,90+ to 95%
200,image_286_cc.png,0.5072,50.7223,50+ to 60%
201,image_193_cc.png,0.0271,2.7075, <= 20%
202,image_215_cc.png,0.7509,75.0897,70+ to 80%
203,image_621_cc.png,0.9390,93.8972,90+ to 95%
204,image_228_cc.png,0.8877,88.7710,80+ to 90%
205,image_499_cc.png,0.9396,93.9625,90+ to 95%
206,image_581_cc.png,0.9589,95.8867,95+ to 100%
207,image_479_cc.png,0.9528,95.2766,95+ to 100%
208,image_60_cc.png,0.9401,94.0112,90+ to 95%
209,image_141_cc.png,0.9520,95.1957,95+ to 100%
210,image_501_cc.png,0.9506,95.0622,95+ to 100%
211,image_509_cc.png,0.9177,91.7655,90+ to 95%
212,image_523_cc.png,0.9473,94.7262,90+ to 95%
213,image_93_cc.png,0.9423,94.2255,90+ to 95%
214,image_576_cc.png,0.0174,1.7408, <= 20%
216,image_264_cc.png,0.9637,96.3678,95+ to 100%
217,image_540_cc.png,0.9546,95.4557,95+ to 100%
218,image_535_cc.png,0.9126,91.2631,90+ to 95%
219,image_626_cc.png,0.0399,3.9949, <= 20%
220,image_482_cc.png,0.9384,93.8361,90+ to 95%
221,image_40_cc.png,0.9277,92.7743,90+ to 95%
222,image_250_cc.png,0.6787,67.8668,60+ to 70%
223,image_552_cc.png,0.9615,96.1549,95+ to 100%
224,image_142_cc.png,0.8977,89.7670,80+ to 90%
225,image_493_cc.png,0.0019,0.1898, <= 20%
226,image_206_cc.png,0.9609,96.0899,95+ to 100%
227,image_118_cc.png,0.7118,71.1758,70+ to 80%
228,image_302_cc.png,0.9063,90.6315,90+ to 95%
229,image_331_cc.png,0.8152,81.5200,80+ to 90%
230,image_526_cc.png,0.9407,94.0741,90+ to 95%
231,image_362_cc.png,0.8803,88.0265,80+ to 90%
232,image_125_cc.png,0.9761,97.6078,95+ to 100%
233,image_592_cc.png,0.8031,80.3082,80+ to 90%
234,image_561_cc.png,0.9399,93.9859,90+ to 95%
235,image_408_cc.png,0.9539,95.3942,95+ to 100%
236,image_201_cc.png,0.6602,66.0167,60+ to 70%
237,image_334_cc.png,0.8886,88.8574,80+ to 90%
238,image_398_cc.png,0.9787,97.8685,95+ to 100%
239,image_338_cc.png,0.9134,91.3429,90+ to 95%
240,image_10_cc.png,0.0028,0.2827, <= 20%
241,image_558_cc.png,0.9382,93.8196,90+ to 95%
242,image_539_cc.png,0.9666,96.6569,95+ to 100%
243,image_566_cc.png,0.9587,95.8708,95+ to 100%
244,image_109_cc.png,0.9565,95.6548,95+ to 100%
245,image_231_cc.png,0.0039,0.3912, <= 20%
246,image_375_cc.png,0.8207,82.0688,80+ to 90%
247,image_382_cc.png,0.9549,95.4859,95+ to 100%
248,image_242_cc.png,0.9386,93.8563,90+ to 95%
249,image_498_cc.png,0.9615,96.1540,95+ to 100%
250,image_208_cc.png,0.9520,95.1950,95+ to 100%
251,image_393_cc.png,0.9698,96.9811,95+ to 100%
252,image_244_cc.png,0.2767,27.6735,20+ to 30%
254,image_513_cc.png,0.9427,94.2702,90+ to 95%
255,image_279_cc.png,0.9034,90.3407,90+ to 95%
256,image_446_cc.png,0.9508,95.0808,95+ to 100%
257,image_229_cc.png,0.6659,66.5883,60+ to 70%
258,image_12_cc.png,0.9642,96.4218,95+ to 100%
259,image_512_cc.png,0.0060,0.6016, <= 20%
260,image_198_cc.png,0.0672,6.7175, <= 20%
261,image_307_cc.png,0.0042,0.4211, <= 20%
262,image_50_cc.png,0.9486,94.8617,90+ to 95%
263,image_129_cc.png,0.9611,96.1067,95+ to 100%
265,image_546_cc.png,0.4586,45.8647,40+ to 50%
266,image_434_cc.png,0.9554,95.5419,95+ to 100%
267,image_358_cc.png,0.9497,94.9694,90+ to 95%
268,image_478_cc.png,0.9539,95.3895,95+ to 100%
269,image_1_cc.png,0.0126,1.2573, <= 20%
270,image_86_cc.png,0.9618,96.1842,95+ to 100%
271,image_372_cc.png,0.9653,96.5261,95+ to 100%
272,image_437_cc.png,0.7765,77.6478,70+ to 80%
273,image_374_cc.png,0.9707,97.0658,95+ to 100%
274,image_210_cc.png,0.9925,99.2508,95+ to 100%
275,image_427_cc.png,0.9769,97.6877,95+ to 100%
276,image_578_cc.png,0.9474,94.7420,90+ to 95%
277,image_480_cc.png,0.9667,96.6728,95+ to 100%
278,image_65_cc.png,0.9380,93.8005,90+ to 95%
279,image_33_cc.png,0.9359,93.5950,90+ to 95%
280,image_617_cc.png,0.9172,91.7237,90+ to 95%
281,image_2_cc.png,0.9269,92.6937,90+ to 95%
282,image_406_cc.png,0.0029,0.2919, <= 20%
283,image_484_cc.png,0.9565,95.6529,95+ to 100%
284,image_370_cc.png,0.9213,92.1252,90+ to 95%
285,image_390_cc.png,0.9573,95.7311,95+ to 100%
286,image_441_cc.png,0.9341,93.4142,90+ to 95%
287,image_140_cc.png,0.8427,84.2735,80+ to 90%
288,image_604_cc.png,0.7738,77.3762,70+ to 80%
289,image_577_cc.png,0.0400,3.9978, <= 20%
290,image_236_cc.png,0.3317,33.1682,30+ to 40%
291,image_536_cc.png,0.0028,0.2764, <= 20%
292,image_63_cc.png,0.0011,0.1139, <= 20%
293,image_395_cc.png,0.0000,0.0000, <= 20%
294,image_485_cc.png,0.0041,0.4148, <= 20%
296,image_619_cc.png,0.9630,96.2983,95+ to 100%
297,image_233_cc.png,0.6153,61.5308,60+ to 70%
298,image_594_cc.png,0.9653,96.5269,95+ to 100%
299,image_450_cc.png,0.0026,0.2556, <= 20%
300,image_436_cc.png,0.9407,94.0658,90+ to 95%
301,image_112_cc.png,0.9634,96.3421,95+ to 100%
302,image_515_cc.png,0.7197,71.9679,70+ to 80%
303,image_503_cc.png,0.9613,96.1308,95+ to 100%
304,image_507_cc.png,0.9117,91.1689,90+ to 95%
305,image_7_cc.png,0.0043,0.4288, <= 20%
307,image_588_cc.png,0.9398,93.9823,90+ to 95%
308,image_457_cc.png,0.9683,96.8341,95+ to 100%
309,image_614_cc.png,0.0079,0.7863, <= 20%
310,image_217_cc.png,0.8705,87.0533,80+ to 90%
311,image_88_cc.png,0.7755,77.5477,70+ to 80%
312,image_528_cc.png,0.9300,93.0047,90+ to 95%
313,image_541_cc.png,0.9579,95.7913,95+ to 100%
314,image_106_cc.png,0.9722,97.2218,95+ to 100%
315,image_464_cc.png,0.9735,97.3521,95+ to 100%
316,image_267_cc.png,0.8734,87.3366,80+ to 90%
317,image_422_cc.png,0.0026,0.2617, <= 20%
318,image_49_cc.png,0.9633,96.3332,95+ to 100%
319,image_138_cc.png,0.0050,0.4999, <= 20%
320,image_373_cc.png,0.9518,95.1821,95+ to 100%
321,image_620_cc.png,0.9467,94.6702,90+ to 95%
322,image_271_cc.png,0.9647,96.4726,95+ to 100%
323,image_100_cc.png,0.9153,91.5267,90+ to 95%
324,image_599_cc.png,0.9587,95.8684,95+ to 100%
325,image_608_cc.png,0.9004,90.0368,90+ to 95%
326,image_357_cc.png,0.9751,97.5146,95+ to 100%
327,image_317_cc.png,0.9674,96.7370,95+ to 100%
328,image_332_cc.png,0.9696,96.9552,95+ to 100%
329,image_568_cc.png,0.8498,84.9779,80+ to 90%
330,image_419_cc.png,0.0044,0.4445, <= 20%
331,image_597_cc.png,0.9639,96.3891,95+ to 100%
332,image_531_cc.png,0.9386,93.8573,90+ to 95%
333,image_53_cc.png,0.8916,89.1620,80+ to 90%
334,image_84_cc.png,0.9488,94.8845,90+ to 95%
335,image_424_cc.png,0.8819,88.1856,80+ to 90%
336,image_525_cc.png,0.9447,94.4653,90+ to 95%
337,image_473_cc.png,0.9629,96.2907,95+ to 100%
339,image_360_cc.png,0.0391,3.9096, <= 20%
340,image_622_cc.png,0.7411,74.1075,70+ to 80%
341,image_308_cc.png,0.8406,84.0555,80+ to 90%
342,image_280_cc.png,0.8526,85.2608,80+ to 90%
343,image_285_cc.png,0.9736,97.3645,95+ to 100%
344,image_400_cc.png,0.9507,95.0699,95+ to 100%
345,image_191_cc.png,0.9176,91.7579,90+ to 95%
346,image_611_cc.png,0.8961,89.6102,80+ to 90%
347,image_387_cc.png,0.9560,95.5990,95+ to 100%
348,image_345_cc.png,0.8780,87.7994,80+ to 90%
349,image_311_cc.png,0.3252,32.5169,30+ to 40%
350,image_481_cc.png,0.9116,91.1631,90+ to 95%
351,image_326_cc.png,0.9729,97.2884,95+ to 100%
352,image_13_cc.png,0.8518,85.1753,80+ to 90%
353,image_511_cc.png,0.9218,92.1848,90+ to 95%
354,image_261_cc.png,0.9164,91.6439,90+ to 95%
355,image_388_cc.png,0.9691,96.9108,95+ to 100%
356,image_560_cc.png,0.0339,3.3857, <= 20%
357,image_562_cc.png,0.9080,90.8027,90+ to 95%
358,image_119_cc.png,0.9728,97.2832,95+ to 100%
359,image_25_cc.png,0.0283,2.8349, <= 20%
360,image_367_cc.png,0.0051,0.5145, <= 20%
361,image_575_cc.png,0.8031,80.3143,80+ to 90%
363,image_235_cc.png,0.9454,94.5433,90+ to 95%
364,image_379_cc.png,0.9311,93.1124,90+ to 95%
365,image_468_cc.png,0.9391,93.9138,90+ to 95%
366,image_38_cc.png,0.8804,88.0367,80+ to 90%
367,image_121_cc.png,0.9627,96.2737,95+ to 100%
368,image_322_cc.png,0.9599,95.9939,95+ to 100%
369,image_443_cc.png,0.9610,96.1007,95+ to 100%
370,image_111_cc.png,0.9708,97.0847,95+ to 100%
371,image_555_cc.png,0.9377,93.7729,90+ to 95%
372,image_161_cc.png,0.7353,73.5275,70+ to 80%
373,image_51_cc.png,0.9586,95.8636,95+ to 100%
374,image_147_cc.png,0.0008,0.0768, <= 20%
375,image_296_cc.png,0.0024,0.2358, <= 20%
376,image_219_cc.png,0.0374,3.7359, <= 20%
377,image_616_cc.png,0.0031,0.3120, <= 20%
378,image_62_cc.png,0.9334,93.3430,90+ to 95%
379,image_596_cc.png,0.9676,96.7621,95+ to 100%
380,image_52_cc.png,0.6878,68.7807,60+ to 70%
381,image_349_cc.png,0.9217,92.1737,90+ to 95%
382,image_474_cc.png,0.9650,96.4962,95+ to 100%
384,image_67_cc.png,0.9809,98.0887,95+ to 100%
385,image_195_cc.png,0.0034,0.3406, <= 20%
386,image_309_cc.png,0.0073,0.7256, <= 20%
387,image_489_cc.png,0.9536,95.3569,95+ to 100%
388,image_310_cc.png,0.9454,94.5369,90+ to 95%
389,image_19_cc.png,0.9489,94.8931,90+ to 95%
390,image_151_cc.png,0.0094,0.9433, <= 20%
391,image_451_cc.png,0.9637,96.3747,95+ to 100%
392,image_347_cc.png,0.0042,0.4245, <= 20%
393,image_253_cc.png,0.9391,93.9073,90+ to 95%
394,image_321_cc.png,0.0108,1.0819, <= 20%
395,image_237_cc.png,0.6596,65.9637,60+ to 70%
396,image_252_cc.png,0.9527,95.2650,95+ to 100%
397,image_439_cc.png,0.9538,95.3771,95+ to 100%
398,image_291_cc.png,0.0223,2.2256, <= 20%
399,image_34_cc.png,0.8643,86.4311,80+ to 90%
400,image_529_cc.png,0.9610,96.1037,95+ to 100%
401,image_107_cc.png,0.9577,95.7733,95+ to 100%
402,image_221_cc.png,0.0028,0.2755, <= 20%
403,image_77_cc.png,0.7498,74.9761,70+ to 80%
404,image_239_cc.png,0.5630,56.3021,50+ to 60%
405,image_579_cc.png,0.0036,0.3618, <= 20%
406,image_584_cc.png,0.9725,97.2509,95+ to 100%
407,image_475_cc.png,0.9603,96.0322,95+ to 100%
408,image_61_cc.png,0.9629,96.2902,95+ to 100%
409,image_59_cc.png,0.9611,96.1074,95+ to 100%
410,image_243_cc.png,0.0000,0.0000, <= 20%
411,image_522_cc.png,0.9615,96.1517,95+ to 100%
412,image_288_cc.png,0.8801,88.0099,80+ to 90%
413,image_341_cc.png,0.8831,88.3057,80+ to 90%
414,image_328_cc.png,0.8805,88.0482,80+ to 90%
415,image_257_cc.png,0.8822,88.2161,80+ to 90%
416,image_520_cc.png,0.9550,95.4972,95+ to 100%
417,image_554_cc.png,0.9296,92.9600,90+ to 95%
418,image_71_cc.png,0.0043,0.4330, <= 20%
419,image_330_cc.png,0.0050,0.5015, <= 20%
420,image_426_cc.png,0.9320,93.2032,90+ to 95%
421,image_167_cc.png,0.9566,95.6614,95+ to 100%
422,image_207_cc.png,0.0021,0.2132, <= 20%
423,image_156_cc.png,0.8522,85.2212,80+ to 90%
424,image_97_cc.png,0.9536,95.3551,95+ to 100%
425,image_384_cc.png,0.9668,96.6804,95+ to 100%
427,image_593_cc.png,0.9213,92.1313,90+ to 95%
428,image_269_cc.png,0.8950,89.5022,80+ to 90%
429,image_305_cc.png,0.9712,97.1241,95+ to 100%
430,image_260_cc.png,0.7840,78.4005,70+ to 80%
431,image_339_cc.png,0.9614,96.1362,95+ to 100%
432,image_287_cc.png,0.0666,6.6597, <= 20%
433,image_348_cc.png,0.9461,94.6081,90+ to 95%
434,image_412_cc.png,0.9657,96.5671,95+ to 100%
435,image_527_cc.png,0.9579,95.7924,95+ to 100%
436,image_216_cc.png,0.0021,0.2150, <= 20%
437,image_164_cc.png,0.9397,93.9655,90+ to 95%
438,image_470_cc.png,0.0031,0.3069, <= 20%
439,image_157_cc.png,0.9187,91.8746,90+ to 95%
440,image_9_cc.png,0.0018,0.1834, <= 20%
441,image_54_cc.png,0.9334,93.3361,90+ to 95%
442,image_166_cc.png,0.9290,92.9034,90+ to 95%
444,image_270_cc.png,0.0077,0.7731, <= 20%
445,image_246_cc.png,0.0796,7.9613, <= 20%
446,image_610_cc.png,0.3954,39.5382,30+ to 40%
448,image_294_cc.png,0.9506,95.0600,95+ to 100%
449,image_383_cc.png,0.9570,95.6954,95+ to 100%
450,image_365_cc.png,0.9615,96.1483,95+ to 100%
451,image_350_cc.png,0.8417,84.1707,80+ to 90%
452,image_517_cc.png,0.7941,79.4118,70+ to 80%
453,image_459_cc.png,0.9651,96.5086,95+ to 100%
454,image_495_cc.png,0.9536,95.3625,95+ to 100%
455,image_18_cc.png,0.9851,98.5120,95+ to 100%
456,image_420_cc.png,0.0036,0.3587, <= 20%
457,image_569_cc.png,0.9349,93.4921,90+ to 95%
458,image_585_cc.png,0.8702,87.0154,80+ to 90%
459,image_199_cc.png,0.0055,0.5515, <= 20%
460,image_22_cc.png,0.0549,5.4928, <= 20%
461,image_492_cc.png,0.7605,76.0521,70+ to 80%
462,image_416_cc.png,0.0023,0.2291, <= 20%
463,image_346_cc.png,0.9021,90.2113,90+ to 95%
464,image_276_cc.png,0.9451,94.5138,90+ to 95%
465,image_618_cc.png,0.0069,0.6867, <= 20%
466,image_266_cc.png,0.9404,94.0383,90+ to 95%
468,image_433_cc.png,0.9588,95.8780,95+ to 100%
469,image_354_cc.png,0.9380,93.8021,90+ to 95%
470,image_99_cc.png,0.9590,95.8994,95+ to 100%
471,image_194_cc.png,0.5597,55.9682,50+ to 60%
472,image_547_cc.png,0.9574,95.7410,95+ to 100%
473,image_320_cc.png,0.0016,0.1600, <= 20%
474,image_30_cc.png,0.8940,89.3998,80+ to 90%
475,image_170_cc.png,0.8217,82.1686,80+ to 90%
476,image_553_cc.png,0.9553,95.5323,95+ to 100%
477,image_238_cc.png,0.0037,0.3678, <= 20%
478,image_148_cc.png,0.9463,94.6318,90+ to 95%
479,image_534_cc.png,0.0069,0.6880, <= 20%
480,image_211_cc.png,0.9582,95.8210,95+ to 100%
481,image_226_cc.png,0.1200,11.9980, <= 20%
482,image_278_cc.png,0.8512,85.1224,80+ to 90%
483,image_477_cc.png,0.8923,89.2304,80+ to 90%
484,image_396_cc.png,0.9598,95.9760,95+ to 100%
485,image_158_cc.png,0.8169,81.6936,80+ to 90%
486,image_411_cc.png,0.9521,95.2122,95+ to 100%
487,image_44_cc.png,0.8919,89.1880,80+ to 90%
488,image_120_cc.png,0.0004,0.0425, <= 20%
489,image_467_cc.png,0.9552,95.5233,95+ to 100%
490,image_149_cc.png,0.9495,94.9465,90+ to 95%
491,image_549_cc.png,0.8476,84.7614,80+ to 90%
492,image_66_cc.png,0.9711,97.1054,95+ to 100%
493,image_94_cc.png,0.9314,93.1383,90+ to 95%
494,image_368_cc.png,0.9668,96.6822,95+ to 100%
495,image_21_cc.png,0.0039,0.3888, <= 20%
496,image_381_cc.png,0.9771,97.7135,95+ to 100%
497,image_47_cc.png,0.0013,0.1320, <= 20%
498,image_196_cc.png,0.5313,53.1280,50+ to 60%
499,image_386_cc.png,0.9688,96.8774,95+ to 100%
500,image_455_cc.png,0.7677,76.7673,70+ to 80%
501,image_352_cc.png,0.9205,92.0501,90+ to 95%
502,image_563_cc.png,0.0316,3.1602, <= 20%
503,image_114_cc.png,0.8590,85.9045,80+ to 90%
504,image_145_cc.png,0.9416,94.1631,90+ to 95%
505,image_214_cc.png,0.0067,0.6687, <= 20%
506,image_300_cc.png,0.9430,94.3047,90+ to 95%
507,image_418_cc.png,0.0037,0.3722, <= 20%
508,image_133_cc.png,0.9685,96.8451,95+ to 100%
509,image_490_cc.png,0.9581,95.8064,95+ to 100%
510,image_333_cc.png,0.9382,93.8241,90+ to 95%
511,image_143_cc.png,0.8539,85.3931,80+ to 90%
512,image_273_cc.png,0.9390,93.9046,90+ to 95%
513,image_516_cc.png,0.9703,97.0287,95+ to 100%
514,image_603_cc.png,0.9460,94.5977,90+ to 95%
515,image_101_cc.png,0.9664,96.6374,95+ to 100%
516,image_440_cc.png,0.9185,91.8520,90+ to 95%
517,image_295_cc.png,0.8826,88.2587,80+ to 90%
518,image_454_cc.png,0.9121,91.2093,90+ to 95%
519,image_11_cc.png,0.9454,94.5373,90+ to 95%
520,image_90_cc.png,0.8637,86.3689,80+ to 90%
521,image_366_cc.png,0.9504,95.0411,95+ to 100%
522,image_32_cc.png,0.9430,94.2973,90+ to 95%
523,image_415_cc.png,0.9719,97.1917,95+ to 100%
524,image_428_cc.png,0.9511,95.1070,95+ to 100%
525,image_606_cc.png,0.8708,87.0777,80+ to 90%
526,image_16_cc.png,0.4098,40.9814,40+ to 50%
527,image_117_cc.png,0.9521,95.2054,95+ to 100%
528,image_342_cc.png,0.9538,95.3824,95+ to 100%
529,image_363_cc.png,0.9187,91.8672,90+ to 95%
531,image_316_cc.png,0.9348,93.4839,90+ to 95%
532,image_402_cc.png,0.9245,92.4492,90+ to 95%
533,image_28_cc.png,0.8958,89.5789,80+ to 90%
534,image_35_cc.png,0.9061,90.6146,90+ to 95%
535,image_96_cc.png,0.9696,96.9650,95+ to 100%
536,image_58_cc.png,0.9379,93.7851,90+ to 95%
537,image_81_cc.png,0.8160,81.5954,80+ to 90%
538,image_519_cc.png,0.9221,92.2103,90+ to 95%
539,image_127_cc.png,0.0255,2.5463, <= 20%
540,image_589_cc.png,0.0042,0.4209, <= 20%
541,image_56_cc.png,0.9367,93.6728,90+ to 95%
542,image_76_cc.png,0.9479,94.7909,90+ to 95%
543,image_212_cc.png,0.6687,66.8742,60+ to 70%
544,image_68_cc.png,0.9380,93.7979,90+ to 95%
545,image_116_cc.png,0.9503,95.0324,95+ to 100%
546,image_625_cc.png,0.0780,7.8028, <= 20%
547,image_153_cc.png,0.8808,88.0752,80+ to 90%
549,image_410_cc.png,0.9639,96.3927,95+ to 100%
550,image_452_cc.png,0.9523,95.2315,95+ to 100%
551,image_312_cc.png,0.9423,94.2280,90+ to 95%
552,image_624_cc.png,0.6911,69.1099,60+ to 70%
553,image_453_cc.png,0.9566,95.6587,95+ to 100%
554,image_223_cc.png,0.5463,54.6295,50+ to 60%
555,image_31_cc.png,0.8851,88.5113,80+ to 90%
556,image_103_cc.png,0.9516,95.1619,95+ to 100%
557,image_425_cc.png,0.9467,94.6667,90+ to 95%
558,image_361_cc.png,0.9640,96.4004,95+ to 100%
559,image_486_cc.png,0.0074,0.7415, <= 20%
560,image_564_cc.png,0.9108,91.0766,90+ to 95%
561,image_407_cc.png,0.9358,93.5800,90+ to 95%
562,image_8_cc.png,0.0033,0.3258, <= 20%
563,image_543_cc.png,0.9195,91.9497,90+ to 95%
564,image_463_cc.png,0.9656,96.5553,95+ to 100%
565,image_359_cc.png,0.9341,93.4050,90+ to 95%
566,image_259_cc.png,0.9676,96.7599,95+ to 100%
567,image_496_cc.png,0.9636,96.3595,95+ to 100%
568,image_337_cc.png,0.8840,88.4037,80+ to 90%
569,image_313_cc.png,0.9735,97.3542,95+ to 100%
570,image_510_cc.png,0.9694,96.9405,95+ to 100%
571,image_204_cc.png,0.9646,96.4601,95+ to 100%
572,image_472_cc.png,0.9441,94.4121,90+ to 95%
573,image_397_cc.png,0.0019,0.1893, <= 20%
574,image_551_cc.png,0.9490,94.9026,90+ to 95%
575,image_75_cc.png,0.9507,95.0706,95+ to 100%
576,image_444_cc.png,0.8324,83.2422,80+ to 90%
577,image_283_cc.png,0.0026,0.2612, <= 20%
578,image_17_cc.png,0.7436,74.3600,70+ to 80%
579,image_284_cc.png,0.7660,76.6012,70+ to 80%
580,image_623_cc.png,0.1583,15.8255, <= 20%
581,image_353_cc.png,0.5304,53.0413,50+ to 60%
582,image_131_cc.png,0.5937,59.3708,50+ to 60%
583,image_5_cc.png,0.9560,95.6040,95+ to 100%
584,image_232_cc.png,0.8359,83.5862,80+ to 90%
585,image_449_cc.png,0.9614,96.1424,95+ to 100%
586,image_95_cc.png,0.0034,0.3361, <= 20%
587,image_303_cc.png,0.7082,70.8187,70+ to 80%
588,image_413_cc.png,0.9711,97.1062,95+ to 100%
589,image_385_cc.png,0.9115,91.1482,90+ to 95%
590,image_168_cc.png,0.9213,92.1260,90+ to 95%
591,image_600_cc.png,0.9624,96.2373,95+ to 100%
592,image_595_cc.png,0.0030,0.3016, <= 20%
594,image_532_cc.png,0.9253,92.5265,90+ to 95%
595,image_344_cc.png,0.9615,96.1511,95+ to 100%
596,image_571_cc.png,0.0044,0.4373, <= 20%
597,image_289_cc.png,0.0000,0.0000, <= 20%
598,image_538_cc.png,0.9162,91.6236,90+ to 95%
599,image_500_cc.png,0.9627,96.2743,95+ to 100%
600,image_146_cc.png,0.9457,94.5707,90+ to 95%
602,image_82_cc.png,0.8379,83.7904,80+ to 90%
603,image_258_cc.png,0.9611,96.1105,95+ to 100%
604,image_445_cc.png,0.0037,0.3689, <= 20%
605,image_108_cc.png,0.0025,0.2467, <= 20%
606,image_247_cc.png,0.8700,86.9994,80+ to 90%
609,image_591_cc.png,0.8081,80.8093,80+ to 90%
610,image_336_cc.png,0.5871,58.7068,50+ to 60%
611,image_282_cc.png,0.9738,97.3832,95+ to 100%
612,image_41_cc.png,0.8720,87.2004,80+ to 90%
613,image_598_cc.png,0.8946,89.4577,80+ to 90%
614,image_590_cc.png,0.9406,94.0562,90+ to 95%
615,image_122_cc.png,0.8068,80.6759,80+ to 90%
616,image_521_cc.png,0.9574,95.7430,95+ to 100%
617,image_155_cc.png,0.9097,90.9663,90+ to 95%
618,image_23_cc.png,0.8210,82.1012,80+ to 90%
619,image_241_cc.png,0.6589,65.8904,60+ to 70%
620,image_115_cc.png,0.9695,96.9480,95+ to 100%
621,image_134_cc.png,0.5962,59.6240,50+ to 60%
622,image_524_cc.png,0.8191,81.9093,80+ to 90%
623,image_137_cc.png,0.8870,88.6995,80+ to 90%
624,image_27_cc.png,0.5537,55.3688,50+ to 60%
625,image_123_cc.png,0.0043,0.4302, <= 20%
626,image_409_cc.png,0.9472,94.7226,90+ to 95%
